residue_id,residue_type,chain_id,position,rmsd,atom_count,molecule_type,reference_frame
B:4,DT,B,4,2.672037,20,dna_nucleotides,protein_backbone_to_full
B:5,DT,B,5,2.120998,20,dna_nucleotides,protein_backbone_to_full
B:6,DT,B,6,1.8178682,20,dna_nucleotides,protein_backbone_to_full
B:7,DC,B,7,1.7311103,19,dna_nucleotides,protein_backbone_to_full
B:8,DC,B,8,1.7372193,19,dna_nucleotides,protein_backbone_to_full
B:9,DA,B,9,1.3752133,21,dna_nucleotides,protein_backbone_to_full
B:10,DC,B,10,1.4377737,19,dna_nucleotides,protein_backbone_to_full
B:11,DT,B,11,1.3093411,20,dna_nucleotides,protein_backbone_to_full
B:12,DT,B,12,0.8367845,20,dna_nucleotides,protein_backbone_to_full
B:13,DA,B,13,1.7641397,21,dna_nucleotides,protein_backbone_to_full
B:14,DT,B,14,1.9380304,20,dna_nucleotides,protein_backbone_to_full
B:15,DT,B,15,1.49249,20,dna_nucleotides,protein_backbone_to_full
B:16,DC,B,16,0.8731361,19,dna_nucleotides,protein_backbone_to_full
B:17,DA,B,17,1.3500959,21,dna_nucleotides,protein_backbone_to_full
B:18,DG,B,18,1.7337799,22,dna_nucleotides,protein_backbone_to_full
B:19,DG,B,19,1.2618371,22,dna_nucleotides,protein_backbone_to_full
B:20,DC,B,20,1.6090331,19,dna_nucleotides,protein_backbone_to_full
B:21,DT,B,21,1.4956958,20,dna_nucleotides,protein_backbone_to_full
B:22,DT,B,22,1.6613516,20,dna_nucleotides,protein_backbone_to_full
B:23,DT,B,23,1.4366918,20,dna_nucleotides,protein_backbone_to_full
B:24,DT,B,24,1.150014,20,dna_nucleotides,protein_backbone_to_full
B:25,DA,B,25,1.8115159,21,dna_nucleotides,protein_backbone_to_full
C:3,DT,C,3,2.1519198,20,dna_nucleotides,protein_backbone_to_full
C:4,DA,C,4,1.5848589,21,dna_nucleotides,protein_backbone_to_full
C:5,DA,C,5,1.2605954,21,dna_nucleotides,protein_backbone_to_full
C:6,DA,C,6,1.1515144,21,dna_nucleotides,protein_backbone_to_full
C:7,DA,C,7,1.5054266,21,dna_nucleotides,protein_backbone_to_full
C:8,DG,C,8,1.5396492,22,dna_nucleotides,protein_backbone_to_full
C:9,DC,C,9,0.9430163,19,dna_nucleotides,protein_backbone_to_full
C:10,DC,C,10,1.5459741,19,dna_nucleotides,protein_backbone_to_full
C:11,DT,C,11,1.8611718,20,dna_nucleotides,protein_backbone_to_full
C:12,DG,C,12,1.3688624,22,dna_nucleotides,protein_backbone_to_full
C:13,DA,C,13,1.0787504,21,dna_nucleotides,protein_backbone_to_full
C:14,DA,C,14,1.1090537,21,dna_nucleotides,protein_backbone_to_full
C:15,DT,C,15,0.9536301,20,dna_nucleotides,protein_backbone_to_full
C:16,DA,C,16,0.82307655,21,dna_nucleotides,protein_backbone_to_full
C:17,DA,C,17,0.5968566,21,dna_nucleotides,protein_backbone_to_full
C:18,DG,C,18,1.1220801,22,dna_nucleotides,protein_backbone_to_full
C:19,DT,C,19,1.2378532,20,dna_nucleotides,protein_backbone_to_full
C:20,DG,C,20,2.0307264,22,dna_nucleotides,protein_backbone_to_full
C:21,DG,C,21,2.3967352,22,dna_nucleotides,protein_backbone_to_full
C:22,DA,C,22,2.0145066,21,dna_nucleotides,protein_backbone_to_full
C:23,DA,C,23,2.3728209,21,dna_nucleotides,protein_backbone_to_full
C:24,DA,C,24,2.77865,21,dna_nucleotides,protein_backbone_to_full
A:6,ARG,A,6,1.9809024,5,protein,protein_backbone_to_full
A:7,GLU,A,7,0.94488436,5,protein,protein_backbone_to_full
A:8,SER,A,8,1.0502001,6,protein,protein_backbone_to_full
A:9,ILE,A,9,0.4727296,8,protein,protein_backbone_to_full
A:10,ASN,A,10,0.5023521,8,protein,protein_backbone_to_full
A:11,PRO,A,11,0.3809897,7,protein,protein_backbone_to_full
A:12,TRP,A,12,0.8321571,14,protein,protein_backbone_to_full
A:13,ILE,A,13,0.5546928,8,protein,protein_backbone_to_full
A:14,LEU,A,14,0.29526484,8,protein,protein_backbone_to_full
A:15,THR,A,15,0.46662986,7,protein,protein_backbone_to_full
A:16,GLY,A,16,0.49510583,4,protein,protein_backbone_to_full
A:17,PHE,A,17,1.4836113,11,protein,protein_backbone_to_full
A:18,ALA,A,18,0.24398513,5,protein,protein_backbone_to_full
A:19,ASP,A,19,0.5236795,8,protein,protein_backbone_to_full
A:20,ALA,A,20,0.39242828,5,protein,protein_backbone_to_full
A:21,GLU,A,21,1.198256,9,protein,protein_backbone_to_full
A:22,GLY,A,22,0.4928839,4,protein,protein_backbone_to_full
A:23,SER,A,23,0.7835197,6,protein,protein_backbone_to_full
A:24,PHE,A,24,0.97363263,11,protein,protein_backbone_to_full
A:25,LEU,A,25,1.934542,8,protein,protein_backbone_to_full
A:26,LEU,A,26,1.5953258,8,protein,protein_backbone_to_full
A:27,ARG,A,27,1.6464331,11,protein,protein_backbone_to_full
A:28,ILE,A,28,1.7781545,8,protein,protein_backbone_to_full
A:29,ARG,A,29,1.9284443,11,protein,protein_backbone_to_full
A:30,ASN,A,30,2.5319169,8,protein,protein_backbone_to_full
A:31,ASN,A,31,2.6223512,8,protein,protein_backbone_to_full
A:32,ASN,A,32,3.5088587,8,protein,protein_backbone_to_full
A:33,LYS,A,33,3.0917568,5,protein,protein_backbone_to_full
A:34,SER,A,34,3.300564,6,protein,protein_backbone_to_full
A:35,SER,A,35,3.586904,6,protein,protein_backbone_to_full
A:36,VAL,A,36,2.7187579,7,protein,protein_backbone_to_full
A:37,GLY,A,37,2.699378,4,protein,protein_backbone_to_full
A:38,TYR,A,38,2.2805002,12,protein,protein_backbone_to_full
A:39,SER,A,39,2.0138984,6,protein,protein_backbone_to_full
A:40,THR,A,40,2.1494334,7,protein,protein_backbone_to_full
A:41,GLU,A,41,2.0567079,9,protein,protein_backbone_to_full
A:42,LEU,A,42,1.4237351,8,protein,protein_backbone_to_full
A:43,GLY,A,43,0.967109,4,protein,protein_backbone_to_full
A:44,PHE,A,44,1.6597093,11,protein,protein_backbone_to_full
A:45,GLN,A,45,0.9913033,9,protein,protein_backbone_to_full
A:46,ILE,A,46,0.5789164,8,protein,protein_backbone_to_full
A:47,THR,A,47,0.62820625,7,protein,protein_backbone_to_full
A:48,LEU,A,48,0.6025072,8,protein,protein_backbone_to_full
A:49,HIS,A,49,0.92276496,10,protein,protein_backbone_to_full
A:50,ASN,A,50,1.1169043,8,protein,protein_backbone_to_full
A:51,LYS,A,51,1.0460845,9,protein,protein_backbone_to_full
A:52,ASP,A,52,0.8032416,8,protein,protein_backbone_to_full
A:53,LYS,A,53,0.88620925,9,protein,protein_backbone_to_full
A:54,SER,A,54,1.0989887,6,protein,protein_backbone_to_full
A:55,ILE,A,55,0.52688885,8,protein,protein_backbone_to_full
A:56,LEU,A,56,0.8430196,8,protein,protein_backbone_to_full
A:57,GLU,A,57,0.7517925,9,protein,protein_backbone_to_full
A:58,ASN,A,58,0.7310219,8,protein,protein_backbone_to_full
A:59,ILE,A,59,0.54029864,8,protein,protein_backbone_to_full
A:60,GLN,A,60,1.0129644,9,protein,protein_backbone_to_full
A:61,SER,A,61,0.925206,6,protein,protein_backbone_to_full
A:62,THR,A,62,0.52320266,7,protein,protein_backbone_to_full
A:63,TRP,A,63,0.54736286,14,protein,protein_backbone_to_full
A:64,LYS,A,64,1.7011129,9,protein,protein_backbone_to_full
A:65,VAL,A,65,0.8762945,7,protein,protein_backbone_to_full
A:66,GLY,A,66,1.1598084,4,protein,protein_backbone_to_full
A:67,VAL,A,67,1.4493287,7,protein,protein_backbone_to_full
A:68,ILE,A,68,1.0098761,8,protein,protein_backbone_to_full
A:69,ALA,A,69,1.3317008,5,protein,protein_backbone_to_full
A:70,ASN,A,70,1.4372164,8,protein,protein_backbone_to_full
A:71,SER,A,71,1.2560685,6,protein,protein_backbone_to_full
A:72,GLY,A,72,1.4400108,4,protein,protein_backbone_to_full
A:73,ASP,A,73,1.6446695,8,protein,protein_backbone_to_full
A:74,ASN,A,74,1.264659,8,protein,protein_backbone_to_full
A:75,ALA,A,75,1.1694309,5,protein,protein_backbone_to_full
A:76,VAL,A,76,0.8375278,7,protein,protein_backbone_to_full
A:77,SER,A,77,1.367573,6,protein,protein_backbone_to_full
A:78,LEU,A,78,0.68593985,8,protein,protein_backbone_to_full
A:79,LYS,A,79,1.0580517,9,protein,protein_backbone_to_full
A:80,VAL,A,80,0.9583636,7,protein,protein_backbone_to_full
A:81,THR,A,81,1.0268732,7,protein,protein_backbone_to_full
A:82,ARG,A,82,2.9351537,11,protein,protein_backbone_to_full
A:83,PHE,A,83,2.1572893,11,protein,protein_backbone_to_full
A:84,GLU,A,84,2.1139653,9,protein,protein_backbone_to_full
A:85,ASP,A,85,1.0756942,8,protein,protein_backbone_to_full
A:86,LEU,A,86,1.1171278,8,protein,protein_backbone_to_full
A:87,LYS,A,87,1.5353359,9,protein,protein_backbone_to_full
A:88,VAL,A,88,0.6484593,7,protein,protein_backbone_to_full
A:89,ILE,A,89,0.7195676,8,protein,protein_backbone_to_full
A:90,ILE,A,90,0.9781544,8,protein,protein_backbone_to_full
A:91,ASP,A,91,0.6434029,8,protein,protein_backbone_to_full
A:92,HIS,A,92,0.5264277,10,protein,protein_backbone_to_full
A:93,PHE,A,93,0.73323625,11,protein,protein_backbone_to_full
A:94,GLU,A,94,1.3738508,9,protein,protein_backbone_to_full
A:95,LYS,A,95,1.0650805,9,protein,protein_backbone_to_full
A:96,TYR,A,96,0.56761944,12,protein,protein_backbone_to_full
A:97,PRO,A,97,0.8372275,7,protein,protein_backbone_to_full
A:98,LEU,A,98,0.6806826,8,protein,protein_backbone_to_full
A:99,ILE,A,99,0.91856146,8,protein,protein_backbone_to_full
A:100,THR,A,100,0.82561755,7,protein,protein_backbone_to_full
A:101,GLN,A,101,1.0370566,9,protein,protein_backbone_to_full
A:102,LYS,A,102,1.1140027,9,protein,protein_backbone_to_full
A:103,LEU,A,103,1.286361,8,protein,protein_backbone_to_full
A:104,GLY,A,104,1.2950104,4,protein,protein_backbone_to_full
A:105,ASP,A,105,1.1983293,8,protein,protein_backbone_to_full
A:106,TYR,A,106,1.8243589,12,protein,protein_backbone_to_full
A:107,LYS,A,107,1.7136819,9,protein,protein_backbone_to_full
A:108,LEU,A,108,1.6077477,8,protein,protein_backbone_to_full
A:109,PHE,A,109,1.9318311,11,protein,protein_backbone_to_full
A:110,LYS,A,110,1.6255,9,protein,protein_backbone_to_full
A:111,GLN,A,111,1.8824767,9,protein,protein_backbone_to_full
A:112,ALA,A,112,1.6716143,5,protein,protein_backbone_to_full
A:113,PHE,A,113,2.0636377,11,protein,protein_backbone_to_full
A:114,SER,A,114,2.154597,6,protein,protein_backbone_to_full
A:115,VAL,A,115,2.1867094,7,protein,protein_backbone_to_full
A:116,MET,A,116,2.0392065,8,protein,protein_backbone_to_full
A:117,GLU,A,117,2.1887891,9,protein,protein_backbone_to_full
A:118,ASN,A,118,2.5581713,8,protein,protein_backbone_to_full
A:119,LYS,A,119,2.7163336,9,protein,protein_backbone_to_full
A:120,GLU,A,120,2.8917346,9,protein,protein_backbone_to_full
A:121,HIS,A,121,2.2484531,10,protein,protein_backbone_to_full
A:122,LEU,A,122,2.7189558,8,protein,protein_backbone_to_full
A:123,LYS,A,123,3.4190924,9,protein,protein_backbone_to_full
A:124,GLU,A,124,4.1020775,9,protein,protein_backbone_to_full
A:125,ASN,A,125,4.0211735,8,protein,protein_backbone_to_full
A:126,GLY,A,126,2.5190675,4,protein,protein_backbone_to_full
A:127,ILE,A,127,2.38912,8,protein,protein_backbone_to_full
A:128,LYS,A,128,2.6175075,9,protein,protein_backbone_to_full
A:129,GLU,A,129,2.5057943,9,protein,protein_backbone_to_full
A:130,LEU,A,130,1.969528,8,protein,protein_backbone_to_full
A:131,VAL,A,131,2.0608506,7,protein,protein_backbone_to_full
A:132,ARG,A,132,2.71203,11,protein,protein_backbone_to_full
A:133,ILE,A,133,1.8597523,8,protein,protein_backbone_to_full
A:134,LYS,A,134,1.612682,9,protein,protein_backbone_to_full
A:135,ALA,A,135,1.7988217,5,protein,protein_backbone_to_full
A:136,LYS,A,136,2.3367221,9,protein,protein_backbone_to_full
A:137,LEU,A,137,1.2493485,8,protein,protein_backbone_to_full
A:138,ASN,A,138,1.028603,8,protein,protein_backbone_to_full
A:139,TRP,A,139,0.9662641,14,protein,protein_backbone_to_full
A:140,GLY,A,140,1.5517136,4,protein,protein_backbone_to_full
A:141,LEU,A,141,1.6175609,8,protein,protein_backbone_to_full
A:142,THR,A,142,1.2406963,7,protein,protein_backbone_to_full
A:143,ASP,A,143,2.9445817,8,protein,protein_backbone_to_full
A:144,GLU,A,144,1.5839823,9,protein,protein_backbone_to_full
A:145,LEU,A,145,2.1811159,8,protein,protein_backbone_to_full
A:146,LYS,A,146,3.8138137,9,protein,protein_backbone_to_full
A:147,LYS,A,147,1.8871485,9,protein,protein_backbone_to_full
A:148,ALA,A,148,2.214242,5,protein,protein_backbone_to_full
A:149,PHE,A,149,2.7045417,11,protein,protein_backbone_to_full
A:150,PRO,A,150,4.400888,7,protein,protein_backbone_to_full
A:151,GLU,A,151,3.0842998,9,protein,protein_backbone_to_full
A:152,ASN,A,152,3.9052658,8,protein,protein_backbone_to_full
A:153,ILE,A,153,2.6114438,8,protein,protein_backbone_to_full
A:154,SER,A,154,2.6197484,6,protein,protein_backbone_to_full
A:155,LYS,A,155,2.448024,5,protein,protein_backbone_to_full
A:156,GLU,A,156,2.6476984,9,protein,protein_backbone_to_full
A:157,ARG,A,157,2.3130794,11,protein,protein_backbone_to_full
A:158,SER,A,158,1.9559373,6,protein,protein_backbone_to_full
A:159,LEU,A,159,1.9243547,5,protein,protein_backbone_to_full
A:160,ILE,A,160,1.5693403,8,protein,protein_backbone_to_full
A:161,ASN,A,161,1.7705965,8,protein,protein_backbone_to_full
A:162,LYS,A,162,2.1319578,9,protein,protein_backbone_to_full
A:163,ASN,A,163,1.265102,8,protein,protein_backbone_to_full
A:164,ILE,A,164,1.0837094,8,protein,protein_backbone_to_full
A:165,PRO,A,165,1.1272844,7,protein,protein_backbone_to_full
A:166,ASN,A,166,1.1516756,8,protein,protein_backbone_to_full
A:167,PHE,A,167,1.2726084,11,protein,protein_backbone_to_full
A:168,LYS,A,168,2.9356403,9,protein,protein_backbone_to_full
A:169,TRP,A,169,0.77107376,14,protein,protein_backbone_to_full
A:170,LEU,A,170,1.0315561,8,protein,protein_backbone_to_full
A:171,ALA,A,171,0.9194013,5,protein,protein_backbone_to_full
A:172,GLY,A,172,0.7144099,4,protein,protein_backbone_to_full
A:173,PHE,A,173,1.587002,11,protein,protein_backbone_to_full
A:174,THR,A,174,0.95106816,7,protein,protein_backbone_to_full
A:175,SER,A,175,0.8715437,6,protein,protein_backbone_to_full
A:176,GLY,A,176,0.71636325,4,protein,protein_backbone_to_full
A:177,GLU,A,177,1.2962034,9,protein,protein_backbone_to_full
A:178,GLY,A,178,0.6570122,4,protein,protein_backbone_to_full
A:179,SER,A,179,1.1064783,6,protein,protein_backbone_to_full
A:180,PHE,A,180,0.8730853,11,protein,protein_backbone_to_full
A:181,SER,A,181,1.1953217,6,protein,protein_backbone_to_full
A:182,VAL,A,182,1.2203082,7,protein,protein_backbone_to_full
A:183,ASN,A,183,1.90661,8,protein,protein_backbone_to_full
A:184,LEU,A,184,1.4783927,8,protein,protein_backbone_to_full
A:185,ILE,A,185,1.3868184,8,protein,protein_backbone_to_full
A:186,LYS,A,186,0.904748,5,protein,protein_backbone_to_full
A:187,SER,A,187,1.3521701,6,protein,protein_backbone_to_full
A:188,LYS,A,188,0.99808353,5,protein,protein_backbone_to_full
A:189,SER,A,189,1.9440079,6,protein,protein_backbone_to_full
A:190,LYS,A,190,1.8007616,5,protein,protein_backbone_to_full
A:191,LEU,A,191,2.229964,8,protein,protein_backbone_to_full
A:192,GLY,A,192,1.7855029,4,protein,protein_backbone_to_full
A:193,VAL,A,193,1.6283249,7,protein,protein_backbone_to_full
A:194,GLN,A,194,1.3059906,9,protein,protein_backbone_to_full
A:195,VAL,A,195,1.5702637,7,protein,protein_backbone_to_full
A:196,GLN,A,196,1.1703132,9,protein,protein_backbone_to_full
A:197,LEU,A,197,1.3703357,8,protein,protein_backbone_to_full
A:198,MET,A,198,0.87157446,8,protein,protein_backbone_to_full
A:199,PHE,A,199,1.7001743,11,protein,protein_backbone_to_full
A:200,ARG,A,200,1.6460344,11,protein,protein_backbone_to_full
A:201,ILE,A,201,0.71331084,8,protein,protein_backbone_to_full
A:202,THR,A,202,0.7954503,7,protein,protein_backbone_to_full
A:203,GLN,A,203,0.82488185,9,protein,protein_backbone_to_full
A:204,HIS,A,204,0.5121438,10,protein,protein_backbone_to_full
A:205,ILE,A,205,1.9542278,8,protein,protein_backbone_to_full
A:206,LYS,A,206,1.2147881,9,protein,protein_backbone_to_full
A:207,ASP,A,207,0.943556,8,protein,protein_backbone_to_full
A:208,LYS,A,208,0.8332899,5,protein,protein_backbone_to_full
A:209,ASN,A,209,1.4721226,8,protein,protein_backbone_to_full
A:210,LEU,A,210,0.9069681,8,protein,protein_backbone_to_full
A:211,MET,A,211,0.76318884,8,protein,protein_backbone_to_full
A:212,ASN,A,212,1.1869138,8,protein,protein_backbone_to_full
A:213,SER,A,213,0.97872066,6,protein,protein_backbone_to_full
A:214,LEU,A,214,0.9496157,8,protein,protein_backbone_to_full
A:215,ILE,A,215,1.2823997,8,protein,protein_backbone_to_full
A:216,THR,A,216,1.6600562,7,protein,protein_backbone_to_full
A:217,TYR,A,217,1.9655553,12,protein,protein_backbone_to_full
A:218,LEU,A,218,1.2059841,8,protein,protein_backbone_to_full
A:219,GLY,A,219,1.1456419,4,protein,protein_backbone_to_full
A:220,CYS,A,220,1.210989,6,protein,protein_backbone_to_full
A:221,GLY,A,221,1.362201,4,protein,protein_backbone_to_full
A:222,TYR,A,222,1.3736403,12,protein,protein_backbone_to_full
A:223,ILE,A,223,1.1133431,8,protein,protein_backbone_to_full
A:224,ASN,A,224,0.8798453,8,protein,protein_backbone_to_full
A:225,GLU,A,225,1.6955601,9,protein,protein_backbone_to_full
A:226,TYR,A,226,0.9399306,12,protein,protein_backbone_to_full
A:227,ASN,A,227,3.5241814,8,protein,protein_backbone_to_full
A:228,LYS,A,228,3.0673587,9,protein,protein_backbone_to_full
A:229,SER,A,229,1.5288051,5,protein,protein_backbone_to_full
A:230,GLU,A,230,0.7773346,9,protein,protein_backbone_to_full
A:231,PHE,A,231,1.5042574,11,protein,protein_backbone_to_full
A:232,SER,A,232,1.0122024,6,protein,protein_backbone_to_full
A:233,TRP,A,233,1.2468451,14,protein,protein_backbone_to_full
A:234,LEU,A,234,0.66206205,8,protein,protein_backbone_to_full
A:235,SER,A,235,0.57877165,6,protein,protein_backbone_to_full
A:236,PHE,A,236,1.6652323,11,protein,protein_backbone_to_full
A:237,ARG,A,237,1.7157849,11,protein,protein_backbone_to_full
A:238,VAL,A,238,1.1577938,7,protein,protein_backbone_to_full
A:239,THR,A,239,1.6912482,7,protein,protein_backbone_to_full
A:240,LYS,A,240,1.7486221,9,protein,protein_backbone_to_full
A:241,PHE,A,241,2.2074482,11,protein,protein_backbone_to_full
A:242,SER,A,242,1.8638849,6,protein,protein_backbone_to_full
A:243,ASP,A,243,1.3531572,8,protein,protein_backbone_to_full
A:244,ILE,A,244,1.4330812,8,protein,protein_backbone_to_full
A:245,ASN,A,245,1.53881,8,protein,protein_backbone_to_full
A:246,ASP,A,246,1.8342471,8,protein,protein_backbone_to_full
A:247,LYS,A,247,1.7350146,9,protein,protein_backbone_to_full
A:248,ILE,A,248,1.290449,8,protein,protein_backbone_to_full
A:249,ILE,A,249,1.4366053,8,protein,protein_backbone_to_full
A:250,PRO,A,250,1.5090656,7,protein,protein_backbone_to_full
A:251,VAL,A,251,1.2138994,7,protein,protein_backbone_to_full
A:252,PHE,A,252,1.1613629,11,protein,protein_backbone_to_full
A:253,GLN,A,253,1.5406941,9,protein,protein_backbone_to_full
A:254,GLU,A,254,1.4489671,9,protein,protein_backbone_to_full
A:255,ASN,A,255,0.9660106,8,protein,protein_backbone_to_full
A:256,THR,A,256,0.8759439,7,protein,protein_backbone_to_full
A:257,LEU,A,257,0.7566929,8,protein,protein_backbone_to_full
A:258,ILE,A,258,0.69992393,8,protein,protein_backbone_to_full
A:259,GLY,A,259,0.77194464,4,protein,protein_backbone_to_full
A:260,VAL,A,260,1.5365448,7,protein,protein_backbone_to_full
A:261,LYS,A,261,0.9758286,9,protein,protein_backbone_to_full
A:262,LEU,A,262,0.80153304,8,protein,protein_backbone_to_full
A:263,GLU,A,263,1.2502543,9,protein,protein_backbone_to_full
A:264,ASP,A,264,0.97458243,8,protein,protein_backbone_to_full
A:265,PHE,A,265,1.8443727,11,protein,protein_backbone_to_full
A:266,GLU,A,266,1.7397453,9,protein,protein_backbone_to_full
A:267,ASP,A,267,1.7619592,8,protein,protein_backbone_to_full
A:268,TRP,A,268,1.1398953,14,protein,protein_backbone_to_full
A:269,CYS,A,269,1.4248323,6,protein,protein_backbone_to_full
A:270,LYS,A,270,1.7865106,5,protein,protein_backbone_to_full
A:271,VAL,A,271,1.6747841,7,protein,protein_backbone_to_full
A:272,ALA,A,272,1.6507851,5,protein,protein_backbone_to_full
A:273,LYS,A,273,1.9575112,5,protein,protein_backbone_to_full
A:274,LEU,A,274,2.1793165,8,protein,protein_backbone_to_full
A:275,ILE,A,275,1.9223785,8,protein,protein_backbone_to_full
A:276,GLU,A,276,2.2016704,9,protein,protein_backbone_to_full
A:277,GLU,A,277,2.7465441,9,protein,protein_backbone_to_full
A:278,LYS,A,278,2.2960765,9,protein,protein_backbone_to_full
A:279,LYS,A,279,2.9637287,9,protein,protein_backbone_to_full
A:280,HIS,A,280,2.1223543,10,protein,protein_backbone_to_full
A:281,LEU,A,281,2.239746,8,protein,protein_backbone_to_full
A:282,THR,A,282,2.4089377,7,protein,protein_backbone_to_full
A:283,GLU,A,283,2.4567902,5,protein,protein_backbone_to_full
A:284,SER,A,284,2.452503,6,protein,protein_backbone_to_full
A:285,GLY,A,285,2.068259,4,protein,protein_backbone_to_full
A:286,LEU,A,286,2.0540762,8,protein,protein_backbone_to_full
A:287,ASP,A,287,2.753825,8,protein,protein_backbone_to_full
A:288,GLU,A,288,2.1056144,9,protein,protein_backbone_to_full
A:289,ILE,A,289,1.7648323,8,protein,protein_backbone_to_full
A:290,LYS,A,290,2.0084693,9,protein,protein_backbone_to_full
A:291,LYS,A,291,2.5963137,9,protein,protein_backbone_to_full
A:292,ILE,A,292,1.5202069,8,protein,protein_backbone_to_full
A:293,LYS,A,293,1.1945775,9,protein,protein_backbone_to_full
A:294,LEU,A,294,2.6889899,8,protein,protein_backbone_to_full
A:295,ASN,A,295,1.530986,8,protein,protein_backbone_to_full
A:296,MET,A,296,1.2573456,8,protein,protein_backbone_to_full
A:297,ASN,A,297,1.2796934,8,protein,protein_backbone_to_full
A:298,LYS,A,298,1.2427849,5,protein,protein_backbone_to_full
A:299,GLY,A,299,1.6013105,4,protein,protein_backbone_to_full
A:300,ARG,A,300,2.0431457,12,protein,protein_backbone_to_full
